CREATE TABLE feed_author(
  id serial NOT NULL,
  first_name text NOT NULL,
  last_name text NOT NULL,
  CONSTRAINT author_pkey PRIMARY KEY (id)
);

CREATE TABLE feed_post(
  id serial NOT NULL,
  type text NOT NULL,
  status_type text NOT NULL,
  service text NOT NULL,
  message text,
  link text,
  picture text,
  time Integer,
  CONSTRAINT post_pkey PRIMARY KEY (id),
  author_id Integer REFERENCES feed_author (id)
);

CREATE TABLE feed_link(
  id serial NOT NULL,
  link_name text NOT NULL,
  link text NOT NULL,
  CONSTRAINT link_pkey PRIMARY KEY (id),
  author_id Integer REFERENCES feed_author (id)
);

INSERT INTO feed_author (id, first_name, last_name) VALUES (1, 'João', 'Perreira');
INSERT INTO feed_author (id, first_name, last_name) VALUES (2, 'Jonathan', 'Rochat');
INSERT INTO feed_author (id, first_name, last_name) VALUES (3, 'Aïcha', 'Snoussi');
INSERT INTO feed_author (id, first_name, last_name) VALUES (4, 'Ben', 'Chang');



INSERT INTO feed_link (id, link_name, link, author_id) VALUES (1, 'facebook', 'http://www.facebook.com/pages/Jo%C3%A3o-Perreira/259137790888618', 1);
INSERT INTO feed_link (id, link_name, link, author_id) VALUES (2, 'facebook', 'http://www.facebook.com/pages/Jonathan-Rochat/503650359682893', 2);
INSERT INTO feed_link (id, link_name, link, author_id) VALUES (3, 'facebook', 'http://www.facebook.com/pages/A%C3%AFcha-Snoussi/302907033171033', 3);
INSERT INTO feed_link (id, link_name, link, author_id) VALUES (4, 'facebook', 'http://www.facebook.com/pages/Ben-Chang/505839452796254', 4);
INSERT INTO feed_link (id, link_name, link, author_id) VALUES (5, 'instagram', 'http://instagram.com/aisha_snoussi', 3);
INSERT INTO feed_link (id, link_name, link, author_id) VALUES (6, 'tumblr', 'http://jonathanvoyage.tumblr.com/', 2);


INSERT INTO feed_post (id, type, status_type, service, message, link, picture, "time", author_id) VALUES (1, 'link', 'shared_story', 'facebook', 'http://www.ojogo.pt/Internacional/liga_europa/interior.aspx?content_id=3186514', 'http://www.ojogo.pt/Internacional/liga_europa/interior.aspx?content_id=3186514', 'http://external.ak.fbcdn.net/safe_image.php?d=AQABVPrVy4VYzHhi&url=http%3A%2F%2Fcdn.controlinveste.pt%2Fstorage%2FOJ%2F2013%2Fbig%2Fng2514908.jpg', 1366975142, 1);
INSERT INTO feed_post (id, type, status_type, service, message, link, picture, "time", author_id) VALUES (2, 'photo', 'shared_story', 'facebook', 'Porte ouverte du fitness de Collombey! ca va être une belle journée!', 'http://www.facebook.com/photo.php?fbid=10151546440489591&set=a.10151450509599591.1073741825.51610009590&type=1', 'http://external.ak.fbcdn.net/safe_image.php?d=AQDV-gC8PhHk3ZYr&url=http%3A%2F%2Fphotos-c.ak.fbcdn.net%2Fhphotos-ak-ash3%2F934893_10151546440489591_817725224_s.jpg', 1366803589, 1);
INSERT INTO feed_post (id, type, status_type, service, message, link, picture, "time", author_id) VALUES (3, 'status', 'mobile_status_update', 'facebook', 'Trop bien cette séance de fitness! Let''s Go Fitness
Cela fait du bien à mon corps!', '', '', 1366802541, 1);
INSERT INTO feed_post (id, type, status_type, service, message, link, picture, "time", author_id) VALUES (4, 'photo', 'added_photos', 'facebook', 'O melhor jogador do mundo', 'http://www.facebook.com/photo.php?fbid=262013433934387&set=a.260557794079951.1073741828.259137790888618&type=1&relevant_count=1', 'http://external.ak.fbcdn.net/safe_image.php?d=AQC0AqBDBxUfELvg&url=http%3A%2F%2Fphotos-d.ak.fbcdn.net%2Fhphotos-ak-ash3%2F531480_262013433934387_2006322823_s.jpg', 1363870133, 1);
INSERT INTO feed_post (id, type, status_type, service, message, link, picture, "time", author_id) VALUES (5, 'video', 'shared_story', 'facebook', 'http://www.youtube.com/watch?v=3V90RF55Qo0

Allé le 22 mai c''est là', 'http://www.youtube.com/watch?v=3V90RF55Qo0', 'http://external.ak.fbcdn.net/safe_image.php?d=AQC4cnYP6uu3gqC0&url=http%3A%2F%2Fi4.ytimg.com%2Fvi%2F3V90RF55Qo0%2Fmqdefault.jpg', 1363611663, 1);
INSERT INTO feed_post (id, type, status_type, service, message, link, picture, "time", author_id) VALUES (6, 'photo', 'added_photos', 'facebook', 'Bientôt bientôt ça va bouffer du pneu', 'http://www.facebook.com/photo.php?fbid=260613370741060&set=a.260557794079951.1073741828.259137790888618&type=1&relevant_count=1', 'http://external.ak.fbcdn.net/safe_image.php?d=AQBPWazeH4QdwOiy&url=http%3A%2F%2Fphotos-b.ak.fbcdn.net%2Fhphotos-ak-ash3%2F562338_260613370741060_1016763446_s.jpg', 1363611594, 1);
INSERT INTO feed_post (id, type, status_type, service, message, link, picture, "time", author_id) VALUES (7, 'photo', 'added_photos', 'facebook', 'Grande vitória do Benfica 4-0 chaud chaud chaud', 'http://www.facebook.com/photo.php?fbid=260557797413284&set=a.260557794079951.1073741828.259137790888618&type=1&relevant_count=1', 'http://external.ak.fbcdn.net/safe_image.php?d=AQB-1hOFCRsTr0qy&url=http%3A%2F%2Fphotos-a.ak.fbcdn.net%2Fhphotos-ak-snc7%2F577875_260557797413284_145651525_s.jpg', 1363602289, 1);
INSERT INTO feed_post (id, type, status_type, service, message, link, picture, "time", author_id) VALUES (8, 'link', 'shared_story', 'facebook', 'Trop bien les inscriptions sont ouvertes!!!', 'http://www.fvjc.ch/inscriptions', '', 1366803039, 2);
INSERT INTO feed_post (id, type, status_type, service, message, link, picture, "time", author_id) VALUES (9, 'link', 'shared_story', 'facebook', 'Vivement la saison des girons! Surtout que cette année c''est la cantonale! Aller voir leur page!', 'http://www.cantonale2013.ch/', 'http://external.ak.fbcdn.net/safe_image.php?d=AQDbh2oCii5IMSgL&url=http%3A%2F%2Fwww.cantonale2013.ch%2Fimages%2Fencart%2Fencart%2520mascotte%2520v3_s1.png', 1366802771, 2);
INSERT INTO feed_post (id, type, status_type, service, message, link, picture, "time", author_id) VALUES (10, 'video', 'shared_story', 'facebook', 'FVJC !!! Giron a fond ! http://www.youtube.com/watch?v=gNmMXNYaAjw', 'http://www.youtube.com/watch?v=gNmMXNYaAjw', 'http://external.ak.fbcdn.net/safe_image.php?d=AQDj88OOFfNT8YXK&url=http%3A%2F%2Fi4.ytimg.com%2Fvi%2FgNmMXNYaAjw%2Fmaxresdefault.jpg', 1364391822, 2);
INSERT INTO feed_post (id, type, status_type, service, message, link, picture, "time", author_id) VALUES (11, 'video', 'shared_story', 'facebook', 'http://www.youtube.com/watch?v=QF2OmP0uaSI', 'http://www.youtube.com/watch?v=QF2OmP0uaSI', 'http://external.ak.fbcdn.net/safe_image.php?d=AQBZqK4TC8bWKrIY&url=http%3A%2F%2Fi2.ytimg.com%2Fvi%2FQF2OmP0uaSI%2Fmaxresdefault.jpg', 1364391441, 2);
INSERT INTO feed_post (id, type, status_type, service, message, link, picture, "time", author_id) VALUES (12, 'video', 'shared_story', 'facebook', 'Adieuuuuu-saluuut!!!! ça c''est de la bonne musique!!! http://www.youtube.com/watch?v=LJ4XsW6BM8k', 'http://www.youtube.com/watch?v=LJ4XsW6BM8k', 'http://external.ak.fbcdn.net/safe_image.php?d=AQC72-Ifx9-J4j3F&url=http%3A%2F%2Fi1.ytimg.com%2Fvi%2FLJ4XsW6BM8k%2Fmqdefault.jpg', 1364390040, 2);
INSERT INTO feed_post (id, type, status_type, service, message, link, picture, "time", author_id) VALUES (13, 'video', 'shared_story', 'facebook', 'Adieuuuuu-saluuut!!!! ça c''est de la bonne mécanique! http://www.youtube.com/watch?v=Kq_IztbT3tU', 'http://www.youtube.com/watch?v=Kq_IztbT3tU', 'http://external.ak.fbcdn.net/safe_image.php?d=AQASpbX07kLl2qzS&url=http%3A%2F%2Fi4.ytimg.com%2Fvi%2FKq_IztbT3tU%2Fmqdefault.jpg', 1364389964, 2);
INSERT INTO feed_post (id, type, status_type, service, message, link, picture, "time", author_id) VALUES (14, 'link', 'shared_story', 'facebook', 'Les résultats du camp de ski de la Camp De Ski FVJC 2013 sont disponibles sous : http://www.fvjc.ch/resultats_details~73.html', 'http://www.fvjc.ch/resultats_details~73.html', '', 1363621649, 2);
INSERT INTO feed_post (id, type, status_type, service, message, link, picture, "time", author_id) VALUES (15, 'link', 'shared_story', 'tumblr', 'Quelques pics : http://jonathanvoyage.tumblr.com/', 'http://jonathanvoyage.tumblr.com/', 'http://external.ak.fbcdn.net/safe_image.php?d=AQAY_TzhKA-2vmMu&url=http%3A%2F%2F25.media.tumblr.com%2Fb18f8d3e4f14647b2c4019779a9838bd%2Ftumblr_mjv4r1EYhB1s8jeo8o1_1280.jpg', 1363621399, 2);
INSERT INTO feed_post (id, type, status_type, service, message, link, picture, "time", author_id) VALUES (16, 'photo', 'added_photos', 'facebook', 'Pure poudre, pure neige', 'http://www.facebook.com/photo.php?fbid=504785826236013&set=a.504785796236016.1073741830.503650359682893&type=1&relevant_count=4', 'http://external.ak.fbcdn.net/safe_image.php?d=AQC2kMb1t7clwgqZ&url=http%3A%2F%2Fphotos-g.ak.fbcdn.net%2Fhphotos-ak-snc7%2F577996_504785826236013_78013691_s.jpg', 1363620217, 2);
INSERT INTO feed_post (id, type, status_type, service, message, link, picture, "time", author_id) VALUES (17, 'status', 'mobile_status_update', 'facebook', 'Un petit Papet Vaudois ça passe toujours bien à midi :-D', '', '', 1363618313, 2);
INSERT INTO feed_post (id, type, status_type, service, message, link, picture, "time", author_id) VALUES (18, 'link', 'shared_story', 'facebook', 'Le vendredi soir, la fondue au fromage du restaurant du Mont d''Orzeires (Juraparc) est à Fr. 12.-- !

http://www.juraparc.ch/fr/index.php', 'http://www.juraparc.ch/fr/index.php', '', 1363617815, 2);
INSERT INTO feed_post (id, type, status_type, service, message, link, picture, "time", author_id) VALUES (19, 'link', 'shared_story', 'facebook', 'http://www.rts.ch/emissions/abe/1371076-melanges-a-fondue-le-verdict-du-caquelon.html

Une bonne fondue c''est pas compliqué faut juste du bon fromage!', 'http://www.rts.ch/emissions/abe/1371076-melanges-a-fondue-le-verdict-du-caquelon.html', 'http://external.ak.fbcdn.net/safe_image.php?d=AQB4EzxucfIR713Z&url=http%3A%2F%2Fwww.rts.ch%2F2010%2F04%2F13%2F12%2F39%2F1463675.image%3Fw%3D320%26h%3D180', 1363617735, 2);
INSERT INTO feed_post (id, type, status_type, service, message, link, picture, "time", author_id) VALUES (20, 'photo', 'added_photos', 'facebook', 'Mon prochain défi : Ascension du Mont-Blanc', 'http://www.facebook.com/photo.php?fbid=504771762904086&set=a.504771759570753.1073741828.503650359682893&type=1&relevant_count=1', 'http://external.ak.fbcdn.net/safe_image.php?d=AQDs0Iva8e4fdKvV&url=http%3A%2F%2Fphotos-f.ak.fbcdn.net%2Fhphotos-ak-ash3%2F208701_504771762904086_676189299_s.jpg', 1363616928, 2);
INSERT INTO feed_post (id, type, status_type, service, message, link, picture, "time", author_id) VALUES (21, 'video', 'shared_story', 'facebook', 'Jõao Perreira Regarde c''est parfait pour toi! Ca à l''air super bon et en plus c''est pas trop gras! ^^', 'http://www.facebook.com/photo.php?v=504932146230526', 'http://external.ak.fbcdn.net/safe_image.php?d=AQB42Rv7PtZv5pHc&url=http%3A%2F%2Fvthumb.ak.fbcdn.net%2Fhvthumb-ak-prn1%2F51150_504932602897147_504932146230526_38905_2480_t.jpg', 1366890688, 3);
INSERT INTO feed_post (id, type, status_type, service, message, link, picture, "time", author_id) VALUES (22, 'link', 'shared_story', 'instagram', 'Nouvelle adresse de mon compte Instagram! On m''a hacké l''ancien! :-(
http://instagram.com/aisha_snoussi/', 'http://instagram.com/aisha_snoussi/', 'http://external.ak.fbcdn.net/safe_image.php?d=AQCSzkBDe1SLazpV&url=http%3A%2F%2Fimages.ak.instagram.com%2Fprofiles%2Fprofile_329703400_75sq_1363692943.jpg', 1366890431, 3);
INSERT INTO feed_post (id, type, status_type, service, message, link, picture, "time", author_id) VALUES (23, 'status', 'mobile_status_update', 'facebook', 'Ben Chang faut que t''arrêtes de polluer mon fil d''actualité avec tes trucs de baskets!', '', '', 1366793897, 3);
INSERT INTO feed_post (id, type, status_type, service, message, link, picture, "time", author_id) VALUES (24, 'link', 'shared_story', 'instagram', 'Allez voir mon compte Instagram! http://instagram.com/monia_snoussi
Je viens de publier la photo du super brunch que je vous ai concocté dimanche passé!
Jonathan Rochat Jõao Perreira Ben Chang', 'http://instagram.com/monia_snoussi', 'http://external.ak.fbcdn.net/safe_image.php?d=AQCSzkBDe1SLazpV&url=http%3A%2F%2Fimages.ak.instagram.com%2Fprofiles%2Fprofile_329703400_75sq_1363692943.jpg', 1366790095, 3);
INSERT INTO feed_post (id, type, status_type, service, message, link, picture, "time", author_id) VALUES (25, 'photo', 'added_photos', 'facebook', 'Jonathan Rochat Faudra que tu me donnes des adresses sympa pour mon future voyage en Guinée!
J''ai réussi à trouver un super plan grâce à Dorothée (notre voisine hôtesse de l''air)', 'http://www.facebook.com/photo.php?fbid=320062681455468&set=a.307727589355644.1073741830.302907033171033&type=1&relevant_count=1', 'http://external.ak.fbcdn.net/safe_image.php?d=AQBTT0GIGGxnEYIl&url=http%3A%2F%2Fphotos-e.ak.fbcdn.net%2Fhphotos-ak-prn1%2F936335_320062681455468_758125215_s.jpg', 1366788388, 3);
INSERT INTO feed_post (id, type, status_type, service, message, link, picture, "time", author_id) VALUES (26, 'link', 'shared_story', 'facebook', 'regarde mon nouveau petit arbre !! http://www.ac-boutique.com/img/p/25-115-large.jpg', 'https://www.google.ch/url?sa=i&rct=j&q&esrc=s&source=images&cd&cad=rja&docid=LN3prHykTRT1wM&tbnid=91J1isXuDD9KCM%3A&ved=0CAUQjRw&url=http%3A%2F%2Fwww.absolumentdesign.com%2Fobjets-design%2Farbre-a-bijoux.php&ei=ZPNSUYn9KovEPfmzgIgE&bvm=bv.44342787%2Cd.ZWU&psig=AFQjCNFHcLyikKL8ylRDrJW6hNdQ4xNWVw&ust=1364477151626799', '', 1364390854, 3);
INSERT INTO feed_post (id, type, status_type, service, message, link, picture, "time", author_id) VALUES (27, 'photo', 'added_photos', 'facebook', 'venez vous regaler. Fais maison ^^', 'http://www.facebook.com/photo.php?fbid=307727592688977&set=a.307727589355644.1073741830.302907033171033&type=1&relevant_count=1', 'http://external.ak.fbcdn.net/safe_image.php?d=AQC9gTJWT9tEQoTF&url=http%3A%2F%2Fphotos-b.ak.fbcdn.net%2Fhphotos-ak-prn1%2F549921_307727592688977_1335512362_s.jpg', 1364222441, 3);
INSERT INTO feed_post (id, type, status_type, service, message, link, picture, "time", author_id) VALUES (28, 'link', 'shared_story', 'facebook', 'http://www.imdb.com/title/tt1405406/', 'http://www.imdb.com/title/tt1405406/', 'http://external.ak.fbcdn.net/safe_image.php?d=AQBT3Rttb_dz3FlZ&url=http%3A%2F%2Fia.media-imdb.com%2Fimages%2FM%2FMV5BMjA4MjAxNTY1OV5BMl5BanBnXkFtZTcwNjk3MDIwNA%40%40._V1_SX214_CR0%2C0%2C214%2C317_.jpg', 1364222334, 3);
INSERT INTO feed_post (id, type, status_type, service, message, link, picture, "time", author_id) VALUES (29, 'link', 'shared_story', 'facebook', 'futur investissement ^^

http://fr.zalando.ch/talons-hauts-femme/', 'http://fr.zalando.ch/talons-hauts-femme/', '', 1364222249, 3);
INSERT INTO feed_post (id, type, status_type, service, message, link, picture, "time", author_id) VALUES (30, 'link', 'shared_story', 'instagram', 'http://instagram.com/p/XAN55RNSWf/', 'http://instagram.com/p/XAN55RNSWf/', 'http://external.ak.fbcdn.net/safe_image.php?d=AQC-ZzjLdz29ZuGy&url=http%3A%2F%2Fdistilleryimage11.instagram.com%2Ffc33c34c8fdd11e2816522000a9e48f9_7.jpg', 1363619647, 3);
INSERT INTO feed_post (id, type, status_type, service, message, link, picture, "time", author_id) VALUES (31, 'link', 'shared_story', 'instagram', 'http://instagram.com/monia_snoussi

Toutes mes oeuvres culinaires miam miam <3 <3', 'http://instagram.com/monia_snoussi', 'http://external.ak.fbcdn.net/safe_image.php?d=AQDnDJebeYuurfUZ&url=http%3A%2F%2Fimages.instagram.com%2Fprofiles%2FanonymousUser.jpg', 1363619618, 3);
INSERT INTO feed_post (id, type, status_type, service, message, link, picture, "time", author_id) VALUES (32, 'photo', 'added_photos', 'facebook', 'Mes pâtisseries :P', 'http://www.facebook.com/photo.php?fbid=304491263012610&set=a.304491243012612.1073741829.302907033171033&type=1&relevant_count=7', 'http://external.ak.fbcdn.net/safe_image.php?d=AQBSd4ZsQkr4ur45&url=http%3A%2F%2Fphotos-a.ak.fbcdn.net%2Fhphotos-ak-snc7%2F599692_304491263012610_1950647250_s.jpg', 1363611479, 3);
INSERT INTO feed_post (id, type, status_type, service, message, link, picture, "time", author_id) VALUES (33, 'video', 'shared_story', 'facebook', 'Je vais devoir encore embêter mes colocs'' :)', 'http://www.jeuxvideo.com/videos-editeurs/0004/00047808/assassin-s-creed-iv-black-flag-playstation-3-ps3-the-watch-00112480.htm', 'http://external.ak.fbcdn.net/safe_image.php?d=AQAFdNO8hffXYIRm&url=http%3A%2F%2Fimage.jeuxvideo.com%2Fvideos_editeurs_images%2F0011%2F00112480-1366967874-accroche.jpg', 1366974678, 4);
INSERT INTO feed_post (id, type, status_type, service, message, link, picture, "time", author_id) VALUES (34, 'photo', 'added_photos', 'facebook', 'Aïcha Snoussi Dis, tu veux bien nous préparer un canard laqué comme la photo pour ce soir??? Please^^
Promis, y aura plus de trucs de basket en échange!', 'http://www.facebook.com/photo.php?fbid=520285354684997&set=a.505877032792496.1073741828.505839452796254&type=1&relevant_count=1', 'http://external.ak.fbcdn.net/safe_image.php?d=AQC80jhZ1o5PUaTS&url=http%3A%2F%2Fphotos-c.ak.fbcdn.net%2Fhphotos-ak-ash3%2F487917_520285354684997_2073500390_s.jpg', 1366794131, 4);
INSERT INTO feed_post (id, type, status_type, service, message, link, picture, "time", author_id) VALUES (35, 'status', 'mobile_status_update', 'facebook', 'come on Pierce!', '', '', 1365375511, 4);
INSERT INTO feed_post (id, type, status_type, service, message, link, picture, "time", author_id) VALUES (36, 'status', 'mobile_status_update', 'facebook', 'Victoire des bulls vraiment à l''arrache mais bien joué!', '', '', 1365127016, 4);
INSERT INTO feed_post (id, type, status_type, service, message, link, picture, "time", author_id) VALUES (37, 'status', 'mobile_status_update', 'facebook', 'victoire des Knicks!!!!', '', '', 1365039283, 4);
INSERT INTO feed_post (id, type, status_type, service, message, link, picture, "time", author_id) VALUES (38, 'status', 'mobile_status_update', 'facebook', 'très chaud entre les deux équipes, égalité le dernier quart promet!', '', '', 1365036885, 4);
INSERT INTO feed_post (id, type, status_type, service, message, link, picture, "time", author_id) VALUES (39, 'status', 'mobile_status_update', 'facebook', 'how Atlanta can stop hot-shooting Carmelo Anthony?', '', '', 1365029686, 4);
INSERT INTO feed_post (id, type, status_type, service, message, link, picture, "time", author_id) VALUES (40, 'status', 'mobile_status_update', 'facebook', 'victoire des lakers! 101-81', '', '', 1364967281, 4);
INSERT INTO feed_post (id, type, status_type, service, message, link, picture, "time", author_id) VALUES (41, 'status', 'mobile_status_update', 'facebook', 'plus que quelques minutes avant la fin de ce dernier match et ensuite dodo ^^', '', '', 1364965363, 4);
INSERT INTO feed_post (id, type, status_type, service, message, link, picture, "time", author_id) VALUES (42, 'status', 'mobile_status_update', 'facebook', 'father time by kobe bryant! ^^', '', '', 1364958129, 4);
INSERT INTO feed_post (id, type, status_type, service, message, link, picture, "time", author_id) VALUES (43, 'status', 'mobile_status_update', 'facebook', 'et victoire des knicks!!!! 102-90 avec un incroyable Melo!!!!! qui à inscrit presque la moitié des points (50). Quel PATRON!!', '', '', 1364957314, 4);
INSERT INTO feed_post (id, type, status_type, service, message, link, picture, "time", author_id) VALUES (44, 'photo', 'added_photos', 'facebook', 'dans un peu plus de 20 minutes...', 'http://www.facebook.com/photo.php?fbid=512603482119851&set=a.505877032792496.1073741828.505839452796254&type=1&relevant_count=1', 'http://external.ak.fbcdn.net/safe_image.php?d=AQDytYxQCRhH9IBR&url=http%3A%2F%2Fphotos-d.ak.fbcdn.net%2Fhphotos-ak-ash4%2F482356_512603482119851_1832820240_s.png', 1364955216, 4);
INSERT INTO feed_post (id, type, status_type, service, message, link, picture, "time", author_id) VALUES (45, 'status', 'mobile_status_update', 'facebook', 'début du dernier quart pour les knicks contre le heat', '', '', 1364955189, 4);
INSERT INTO feed_post (id, type, status_type, service, message, link, picture, "time", author_id) VALUES (46, 'video', 'statusType', 'service', 'message', 'link', 'picture', 1262866265, 1);
INSERT INTO feed_post (id, type, status_type, service, message, link, picture, "time", author_id) VALUES (47, 'status', 'mobile_status_update', 'facebook', 'Ce soir il y a mon idole Cristiano Ronaldo qui joue! GO REAL!!!', '', '', 1367306180, 1);
INSERT INTO feed_post (id, type, status_type, service, message, link, picture, "time", author_id) VALUES (48, 'status', 'mobile_status_update', 'facebook', 'Ce soir je vais pouvoir me replonger dans mes racines avec le match! Cristiano Ronaldo mon compatriote portugais va mettre un tripplé', '', '', 1367307085, 1);
INSERT INTO feed_post (id, type, status_type, service, message, link, picture, "time", author_id) VALUES (49, 'status', 'mobile_status_update', 'facebook', 'Tout le monde veut pas me laisser la télé pour que je puisse voir la final de TOP chef! :(', '', '', 1367306832, 3);
INSERT INTO feed_post (id, type, status_type, service, message, link, picture, "time", author_id) VALUES (50, 'photo', 'added_photos', 'facebook', 'je vais planifier des vacances prochainement! Je veux retrouver mes racines qui est le Portugal et revoir ma famille et mes amis. Aller voir également un match dou Benfica!', 'http://www.facebook.com/photo.php?fbid=279322128870184&set=a.260557794079951.1073741828.259137790888618&type=1&relevant_count=1', 'http://external.ak.fbcdn.net/safe_image.php?d=AQCkjKFQ_R3wFWJt&url=http%3A%2F%2Fphotos-d.ak.fbcdn.net%2Fhphotos-ak-ash4%2F295381_279322128870184_1141319285_s.jpg', 1367307731, 1);
INSERT INTO feed_post (id, type, status_type, service, message, link, picture, "time", author_id) VALUES (51, 'link', 'shared_story', 'facebook', 'ça va être difficile de retrouver ses racines avec une telle histoire entre le sud et le nord. J''espère que mes amis là bas se porte bien!', 'http://www.lemonde.fr/asie-pacifique/article/2013/04/22/pyongyang-maintient-la-pression_3163793_3216.html', '', 1367308184, 4);
INSERT INTO feed_post (id, type, status_type, service, message, link, picture, "time", author_id) VALUES (52, 'photo', 'added_photos', 'facebook', 'Voici quelques dessert que j''ai réalisé lors de mes cours de cuisine', 'http://www.facebook.com/photo.php?fbid=322660994528970&set=a.322660987862304.1073741831.302907033171033&type=1&relevant_count=6', 'http://external.ak.fbcdn.net/safe_image.php?d=AQCCd7GK7HDIgW8k&url=http%3A%2F%2Fphotos-h.ak.fbcdn.net%2Fhphotos-ak-ash4%2F428591_322660994528970_836209315_s.jpg', 1367314547, 3);